dataset_size,trial,path,elapsed_ms,peak_mem_mb
10000,1,serialized,480.4457612335682,5.423525810241699
10000,1,zero_copy,71.10088877379894,1.3817005157470703
